ts,equity
2019-03-01T21:00:00+00:00,100000.0
2019-03-04T21:00:00+00:00,100000.0
2019-03-05T21:00:00+00:00,100000.0
2019-03-06T21:00:00+00:00,100000.0
2019-03-07T21:00:00+00:00,100000.0
2019-03-08T21:00:00+00:00,100000.0
2019-03-11T20:00:00+00:00,100000.0
2019-03-12T20:00:00+00:00,100000.0
2019-03-13T20:00:00+00:00,100000.0
2019-03-14T20:00:00+00:00,100000.0
2019-03-15T20:00:00+00:00,100000.0
2019-03-18T20:00:00+00:00,100000.0
2019-03-19T20:00:00+00:00,100000.0
2019-03-20T20:00:00+00:00,100000.0
2019-03-21T20:00:00+00:00,100000.0
2019-03-22T20:00:00+00:00,100000.0
2019-03-25T20:00:00+00:00,100000.0
2019-03-26T20:00:00+00:00,100000.0
2019-03-27T20:00:00+00:00,100000.0
2019-03-28T20:00:00+00:00,100000.0
2019-03-29T20:00:00+00:00,100000.0
2019-04-01T20:00:00+00:00,100000.0
2019-04-02T20:00:00+00:00,100000.0
2019-04-03T20:00:00+00:00,100000.0
2019-04-04T20:00:00+00:00,100000.0
2019-04-05T20:00:00+00:00,100000.0
2019-04-08T20:00:00+00:00,100000.0
2019-04-09T20:00:00+00:00,100000.0
2019-04-10T20:00:00+00:00,100000.0
2019-04-11T20:00:00+00:00,100000.0
2019-04-12T20:00:00+00:00,100000.0
2019-04-15T20:00:00+00:00,100000.0
2019-04-16T20:00:00+00:00,100000.0
2019-04-17T20:00:00+00:00,100000.0
2019-04-18T20:00:00+00:00,100000.0
2019-04-22T20:00:00+00:00,100000.0
2019-04-23T20:00:00+00:00,100000.0
2019-04-24T20:00:00+00:00,100000.0
2019-04-25T20:00:00+00:00,100000.0
2019-04-26T20:00:00+00:00,100000.0
2019-04-29T20:00:00+00:00,100000.0
2019-04-30T20:00:00+00:00,100000.0
2019-05-01T20:00:00+00:00,100000.0
2019-05-02T20:00:00+00:00,100000.0
2019-05-03T20:00:00+00:00,100000.0
2019-05-06T20:00:00+00:00,100000.0
2019-05-07T20:00:00+00:00,100000.0
2019-05-08T20:00:00+00:00,100000.0
2019-05-09T20:00:00+00:00,100000.0
2019-05-10T20:00:00+00:00,100000.0
2019-05-13T20:00:00+00:00,100000.0
2019-05-14T20:00:00+00:00,100000.0
2019-05-15T20:00:00+00:00,100000.0
2019-05-16T20:00:00+00:00,100000.0
2019-05-17T20:00:00+00:00,100000.0
2019-05-20T20:00:00+00:00,100000.0
2019-05-21T20:00:00+00:00,100000.0
2019-05-22T20:00:00+00:00,100000.0
2019-05-23T20:00:00+00:00,100000.0
2019-05-24T20:00:00+00:00,100000.0
2019-05-28T20:00:00+00:00,100000.0
2019-05-29T20:00:00+00:00,100000.0
2019-05-30T20:00:00+00:00,100000.0
2019-05-31T20:00:00+00:00,100000.0
2019-06-03T20:00:00+00:00,100000.0
2019-06-04T20:00:00+00:00,100000.0
2019-06-05T20:00:00+00:00,100000.0
2019-06-06T20:00:00+00:00,100000.0
2019-06-07T20:00:00+00:00,100000.0
2019-06-10T20:00:00+00:00,100000.0
2019-06-11T20:00:00+00:00,100000.0
2019-06-12T20:00:00+00:00,100000.0
2019-06-13T20:00:00+00:00,100000.0
2019-06-14T20:00:00+00:00,100000.0
2019-06-17T20:00:00+00:00,100000.0
2019-06-18T20:00:00+00:00,100000.0
2019-06-19T20:00:00+00:00,100000.0
2019-06-20T20:00:00+00:00,100000.0
2019-06-21T20:00:00+00:00,100000.0
2019-06-24T20:00:00+00:00,100000.0
2019-06-25T20:00:00+00:00,100000.0
2019-06-26T20:00:00+00:00,100000.0
2019-06-27T20:00:00+00:00,100000.0
2019-06-28T20:00:00+00:00,100000.0
2019-07-01T20:00:00+00:00,100000.0
2019-07-02T20:00:00+00:00,100000.0
2019-07-03T17:00:00+00:00,100000.0
2019-07-05T20:00:00+00:00,100000.0
2019-07-08T20:00:00+00:00,100000.0
2019-07-09T20:00:00+00:00,100000.0
2019-07-10T20:00:00+00:00,100000.0
2019-07-11T20:00:00+00:00,100000.0
2019-07-12T20:00:00+00:00,100000.0
2019-07-15T20:00:00+00:00,100000.0
2019-07-16T20:00:00+00:00,100000.0
2019-07-17T20:00:00+00:00,100000.0
2019-07-18T20:00:00+00:00,100000.0
2019-07-19T20:00:00+00:00,100000.0
2019-07-22T20:00:00+00:00,100000.0
2019-07-23T20:00:00+00:00,100000.0
2019-07-24T20:00:00+00:00,100000.0
2019-07-25T20:00:00+00:00,100000.0
2019-07-26T20:00:00+00:00,100000.0
2019-07-29T20:00:00+00:00,100000.0
2019-07-30T20:00:00+00:00,100000.0
2019-07-31T20:00:00+00:00,100000.0
2019-08-01T20:00:00+00:00,100000.0
2019-08-02T20:00:00+00:00,100000.0
2019-08-05T20:00:00+00:00,100000.0
2019-08-06T20:00:00+00:00,100000.0
2019-08-07T20:00:00+00:00,100000.0
2019-08-08T20:00:00+00:00,100000.0
2019-08-09T20:00:00+00:00,100000.0
2019-08-12T20:00:00+00:00,100000.0
2019-08-13T20:00:00+00:00,100000.0
2019-08-14T20:00:00+00:00,100000.0
2019-08-15T20:00:00+00:00,100000.0
2019-08-16T20:00:00+00:00,100000.0
2019-08-19T20:00:00+00:00,100000.0
2019-08-20T20:00:00+00:00,100000.0
2019-08-21T20:00:00+00:00,100000.0
2019-08-22T20:00:00+00:00,100000.0
2019-08-23T20:00:00+00:00,100000.0
2019-08-26T20:00:00+00:00,100000.0
2019-08-27T20:00:00+00:00,100000.0
2019-08-28T20:00:00+00:00,100000.0
2019-08-29T20:00:00+00:00,100000.0
2019-08-30T20:00:00+00:00,100000.0
2019-09-03T20:00:00+00:00,100000.0
2019-09-04T20:00:00+00:00,100000.0
2019-09-05T20:00:00+00:00,100000.0
2019-09-06T20:00:00+00:00,100000.0
2019-09-09T20:00:00+00:00,100000.0
2019-09-10T20:00:00+00:00,100000.0
2019-09-11T20:00:00+00:00,100000.0
2019-09-12T20:00:00+00:00,100000.0
2019-09-13T20:00:00+00:00,100000.0
2019-09-16T20:00:00+00:00,100000.0
2019-09-17T20:00:00+00:00,100000.0
2019-09-18T20:00:00+00:00,100000.0
2019-09-19T20:00:00+00:00,100000.0
2019-09-20T20:00:00+00:00,100000.0
2019-09-23T20:00:00+00:00,100000.0
2019-09-24T20:00:00+00:00,100000.0
2019-09-25T20:00:00+00:00,100000.0
2019-09-26T20:00:00+00:00,100000.0
2019-09-27T20:00:00+00:00,100000.0
2019-09-30T20:00:00+00:00,100000.0
2019-10-01T20:00:00+00:00,100000.0
2019-10-02T20:00:00+00:00,100000.0
2019-10-03T20:00:00+00:00,100000.0
2019-10-04T20:00:00+00:00,100000.0
2019-10-07T20:00:00+00:00,100000.0
2019-10-08T20:00:00+00:00,100000.0
2019-10-09T20:00:00+00:00,100000.0
2019-10-10T20:00:00+00:00,100000.0
2019-10-11T20:00:00+00:00,100000.0
2019-10-14T20:00:00+00:00,100000.0
2019-10-15T20:00:00+00:00,100000.0
2019-10-16T20:00:00+00:00,100000.0
2019-10-17T20:00:00+00:00,100000.0
2019-10-18T20:00:00+00:00,100000.0
2019-10-21T20:00:00+00:00,100000.0
2019-10-22T20:00:00+00:00,100000.0
2019-10-23T20:00:00+00:00,100000.0
2019-10-24T20:00:00+00:00,100000.0
2019-10-25T20:00:00+00:00,100000.0
2019-10-28T20:00:00+00:00,100000.0
2019-10-29T20:00:00+00:00,100000.0
2019-10-30T20:00:00+00:00,100000.0
2019-10-31T20:00:00+00:00,100000.0
2019-11-01T20:00:00+00:00,100000.0
2019-11-04T21:00:00+00:00,100000.0
2019-11-05T21:00:00+00:00,100000.0
2019-11-06T21:00:00+00:00,100000.0
2019-11-07T21:00:00+00:00,100000.0
2019-11-08T21:00:00+00:00,100000.0
2019-11-11T21:00:00+00:00,100000.0
2019-11-12T21:00:00+00:00,100000.0
2019-11-13T21:00:00+00:00,100000.0
2019-11-14T21:00:00+00:00,100000.0
2019-11-15T21:00:00+00:00,100000.0
2019-11-18T21:00:00+00:00,100000.0
2019-11-19T21:00:00+00:00,100000.0
2019-11-20T21:00:00+00:00,100000.0
2019-11-21T21:00:00+00:00,100000.0
2019-11-22T21:00:00+00:00,100000.0
2019-11-25T21:00:00+00:00,100000.0
2019-11-26T21:00:00+00:00,100000.0
2019-11-27T21:00:00+00:00,100000.0
2019-11-29T18:00:00+00:00,100000.0
2019-12-02T21:00:00+00:00,100000.0
2019-12-03T21:00:00+00:00,100000.0
2019-12-04T21:00:00+00:00,100000.0
2019-12-05T21:00:00+00:00,100000.0
2019-12-06T21:00:00+00:00,100000.0
2019-12-09T21:00:00+00:00,100000.0
2019-12-10T21:00:00+00:00,100000.0
2019-12-11T21:00:00+00:00,100000.0
2019-12-12T21:00:00+00:00,100000.0
2019-12-13T21:00:00+00:00,100000.0
2019-12-16T21:00:00+00:00,100000.0
2019-12-17T21:00:00+00:00,100000.0
2019-12-18T21:00:00+00:00,100000.0
2019-12-19T21:00:00+00:00,100000.0
2019-12-20T21:00:00+00:00,100000.0
2019-12-23T21:00:00+00:00,100000.0
2019-12-24T18:00:00+00:00,100000.0
2019-12-26T21:00:00+00:00,100000.0
2019-12-27T21:00:00+00:00,100000.0
2019-12-30T21:00:00+00:00,100000.0
2019-12-31T21:00:00+00:00,100000.0
2020-01-02T21:00:00+00:00,99750.97712499998
2020-01-03T21:00:00+00:00,100439.23712499999
2020-01-06T21:00:00+00:00,100459.277125
2020-01-07T21:00:00+00:00,100792.097125
2020-01-08T21:00:00+00:00,99680.60712499998
2020-01-09T21:00:00+00:00,99894.70712499999
2020-01-10T21:00:00+00:00,99797.51212499998
2020-01-13T21:00:00+00:00,99844.62712499997
2020-01-14T21:00:00+00:00,99789.39712499999
2020-01-15T21:00:00+00:00,100266.08712499999
2020-01-16T21:00:00+00:00,100690.17712499999
2020-01-17T21:00:00+00:00,100737.67712499999
2020-01-21T21:00:00+00:00,100623.33712499999
2020-01-22T21:00:00+00:00,100152.527125
2020-01-23T21:00:00+00:00,100413.41712499998
2020-01-24T21:00:00+00:00,99644.95712499999
2020-01-27T21:00:00+00:00,98878.57712499998
2020-01-28T21:00:00+00:00,99312.14712499999
2020-01-29T21:00:00+00:00,99371.90712499997
2020-01-30T21:00:00+00:00,99498.657125
2020-01-31T21:00:00+00:00,98398.42712499999
2020-02-03T21:00:00+00:00,98236.40839999999
2020-02-04T21:00:00+00:00,98706.1684
2020-02-05T21:00:00+00:00,99098.6984
2020-02-06T21:00:00+00:00,99508.4384
2020-02-07T21:00:00+00:00,99289.6384
2020-02-10T21:00:00+00:00,99784.45839999999
2020-02-11T21:00:00+00:00,99824.3084
2020-02-12T21:00:00+00:00,100037.2384
2020-02-13T21:00:00+00:00,100357.3284
2020-02-14T21:00:00+00:00,100501.8584
2020-02-18T21:00:00+00:00,100784.5484
2020-02-19T21:00:00+00:00,101190.0384
2020-02-20T21:00:00+00:00,100964.2984
2020-02-21T21:00:00+00:00,100927.65839999999
2020-02-24T21:00:00+00:00,99739.5284
2020-02-25T21:00:00+00:00,98329.91839999998
2020-02-26T21:00:00+00:00,97587.75839999999
2020-02-27T21:00:00+00:00,95747.14839999999
2020-02-28T21:00:00+00:00,95742.09839999999
2020-03-02T21:00:00+00:00,96867.529325
2020-03-03T21:00:00+00:00,96675.81932499999
2020-03-04T21:00:00+00:00,97945.35932499998
2020-03-05T21:00:00+00:00,97973.37932499997
2020-03-06T21:00:00+00:00,97896.10932499998
2020-03-09T20:00:00+00:00,96389.07932499998
2020-03-10T20:00:00+00:00,96010.82932499998
2020-03-11T20:00:00+00:00,93243.54932499999
2020-03-12T20:00:00+00:00,87795.94932499998
2020-03-13T20:00:00+00:00,90215.04932499999
2020-03-16T20:00:00+00:00,87446.88932499998
2020-03-17T20:00:00+00:00,86714.05932499998
2020-03-18T20:00:00+00:00,85868.17932499998
2020-03-19T20:00:00+00:00,84364.62932499997
2020-03-20T20:00:00+00:00,85136.99932499997
2020-03-23T20:00:00+00:00,87225.28932499998
2020-03-24T20:00:00+00:00,90426.89932499999
2020-03-25T20:00:00+00:00,90126.31932499999
2020-03-26T20:00:00+00:00,92575.14932499998
2020-03-27T20:00:00+00:00,91839.07932499998
2020-03-30T20:00:00+00:00,93030.46932499998
2020-03-31T20:00:00+00:00,91167.50932499999
2020-04-01T20:00:00+00:00,90873.159825
2020-04-02T20:00:00+00:00,91265.089825
2020-04-03T20:00:00+00:00,91275.03982499999
2020-04-06T20:00:00+00:00,91861.72982499999
2020-04-07T20:00:00+00:00,91408.059825
2020-04-08T20:00:00+00:00,91132.88982499999
2020-04-09T20:00:00+00:00,91840.559825
2020-04-13T20:00:00+00:00,91924.239825
2020-04-14T20:00:00+00:00,92082.079825
2020-04-15T20:00:00+00:00,92618.91982499999
2020-04-16T20:00:00+00:00,92461.99982499999
2020-04-17T20:00:00+00:00,92121.84982499998
2020-04-20T20:00:00+00:00,92283.179825
2020-04-21T20:00:00+00:00,92684.909825
2020-04-22T20:00:00+00:00,92795.049825
2020-04-23T20:00:00+00:00,93197.28982499999
2020-04-24T20:00:00+00:00,93246.299825
2020-04-27T20:00:00+00:00,92370.339825
2020-04-28T20:00:00+00:00,92536.899825
2020-04-29T20:00:00+00:00,92635.489825
2020-04-30T20:00:00+00:00,92128.489825
2020-05-01T20:00:00+00:00,92173.2278
2020-05-04T20:00:00+00:00,93530.06779999999
2020-05-05T20:00:00+00:00,96762.4378
2020-05-06T20:00:00+00:00,94100.6978
2020-05-07T20:00:00+00:00,95259.7478
2020-05-08T20:00:00+00:00,96333.86779999999
2020-05-11T20:00:00+00:00,95645.3478
2020-05-12T20:00:00+00:00,94697.45779999999
2020-05-13T20:00:00+00:00,95005.9078
2020-05-14T20:00:00+00:00,96704.32779999998
2020-05-15T20:00:00+00:00,97972.98779999999
2020-05-18T20:00:00+00:00,100618.2478
2020-05-19T20:00:00+00:00,100279.53779999999
2020-05-20T20:00:00+00:00,102195.90779999999
2020-05-21T20:00:00+00:00,103558.2978
2020-05-22T20:00:00+00:00,101596.50779999999
2020-05-26T20:00:00+00:00,101573.70779999999
2020-05-27T20:00:00+00:00,100204.4478
2020-05-28T20:00:00+00:00,100975.4778
2020-05-29T20:00:00+00:00,102834.87779999999
2020-06-01T20:00:00+00:00,103039.46532499998
2020-06-02T20:00:00+00:00,103849.84532499999
2020-06-03T20:00:00+00:00,103154.965325
2020-06-04T20:00:00+00:00,103175.065325
2020-06-05T20:00:00+00:00,104271.135325
2020-06-08T20:00:00+00:00,104518.865325
2020-06-09T20:00:00+00:00,104778.775325
2020-06-10T20:00:00+00:00,105459.015325
2020-06-11T20:00:00+00:00,103068.605325
2020-06-12T20:00:00+00:00,103120.78532499999
2020-06-15T20:00:00+00:00,104114.355325
2020-06-16T20:00:00+00:00,104327.62532499999
2020-06-17T20:00:00+00:00,104229.84532499999
2020-06-18T20:00:00+00:00,105302.08532500001
2020-06-19T20:00:00+00:00,105456.335325
2020-06-22T20:00:00+00:00,106725.425325
2020-06-23T20:00:00+00:00,106460.93532499998
2020-06-24T20:00:00+00:00,105077.345325
2020-06-25T20:00:00+00:00,105949.07532499998
2020-06-26T20:00:00+00:00,105207.84532499999
2020-06-29T20:00:00+00:00,106189.015325
2020-06-30T20:00:00+00:00,106474.39532499999
2020-07-01T20:00:00+00:00,106554.87494999998
2020-07-02T20:00:00+00:00,107221.11494999999
2020-07-06T20:00:00+00:00,108013.61495
2020-07-07T20:00:00+00:00,108046.01495
2020-07-08T20:00:00+00:00,108724.70495
2020-07-09T20:00:00+00:00,108571.72494999999
2020-07-10T20:00:00+00:00,109107.22494999999
2020-07-13T20:00:00+00:00,108363.45495
2020-07-14T20:00:00+00:00,108899.87495
2020-07-15T20:00:00+00:00,108947.74495
2020-07-16T20:00:00+00:00,108595.46495
2020-07-17T20:00:00+00:00,108725.48495
2020-07-20T20:00:00+00:00,109649.26495
2020-07-21T20:00:00+00:00,110174.23495
2020-07-22T20:00:00+00:00,110531.80495
2020-07-23T20:00:00+00:00,110146.09495
2020-07-24T20:00:00+00:00,110279.69494999999
2020-07-27T20:00:00+00:00,111646.08495
2020-07-28T20:00:00+00:00,111172.59494999998
2020-07-29T20:00:00+00:00,111616.53495
2020-07-30T20:00:00+00:00,111546.87494999998
2020-07-31T20:00:00+00:00,111753.14495
2020-08-03T20:00:00+00:00,112031.96487499998
2020-08-04T20:00:00+00:00,113366.84487500001
2020-08-05T20:00:00+00:00,114090.64487499998
2020-08-06T20:00:00+00:00,114771.22487499999
2020-08-07T20:00:00+00:00,114208.51487499996
2020-08-10T20:00:00+00:00,114342.86487499997
2020-08-11T20:00:00+00:00,112428.31487499998
2020-08-12T20:00:00+00:00,113409.254875
2020-08-13T20:00:00+00:00,113767.84487499998
2020-08-14T20:00:00+00:00,113285.804875
2020-08-17T20:00:00+00:00,114338.01487499998
2020-08-18T20:00:00+00:00,114649.454875
2020-08-19T20:00:00+00:00,113405.924875
2020-08-20T20:00:00+00:00,114281.00487499997
2020-08-21T20:00:00+00:00,113906.08487499997
2020-08-24T20:00:00+00:00,114559.75487499998
2020-08-25T20:00:00+00:00,115018.85487499999
2020-08-26T20:00:00+00:00,115636.51487499998
2020-08-27T20:00:00+00:00,114989.10487499998
2020-08-28T20:00:00+00:00,115727.954875
2020-08-31T20:00:00+00:00,115680.75487499998
2020-09-01T20:00:00+00:00,116810.0002
2020-09-02T20:00:00+00:00,116708.48019999998
2020-09-03T20:00:00+00:00,113794.52019999998
2020-09-04T20:00:00+00:00,112481.71019999999
2020-09-08T20:00:00+00:00,109500.05019999998
2020-09-09T20:00:00+00:00,111638.68019999999
2020-09-10T20:00:00+00:00,110571.0502
2020-09-11T20:00:00+00:00,110130.12019999999
2020-09-14T20:00:00+00:00,111403.68019999997
2020-09-15T20:00:00+00:00,112075.3102
2020-09-16T20:00:00+00:00,112641.27019999998
2020-09-17T20:00:00+00:00,112285.61019999998
2020-09-18T20:00:00+00:00,111625.86019999998
2020-09-21T20:00:00+00:00,110285.40019999999
2020-09-22T20:00:00+00:00,110391.26019999998
2020-09-23T20:00:00+00:00,108087.07019999999
2020-09-24T20:00:00+00:00,109374.56019999999
2020-09-25T20:00:00+00:00,109641.71019999997
2020-09-28T20:00:00+00:00,111465.6102
2020-09-29T20:00:00+00:00,110743.41019999998
2020-09-30T20:00:00+00:00,111184.43019999999
2020-10-01T20:00:00+00:00,111166.26434999997
2020-10-02T20:00:00+00:00,109537.69434999999
2020-10-05T20:00:00+00:00,111639.03434999997
2020-10-06T20:00:00+00:00,111163.70434999999
2020-10-07T20:00:00+00:00,112450.71434999997
2020-10-08T20:00:00+00:00,113706.77434999999
2020-10-09T20:00:00+00:00,114124.25434999999
2020-10-12T20:00:00+00:00,114765.63435
2020-10-13T20:00:00+00:00,114539.63435
2020-10-14T20:00:00+00:00,114556.89434999999
2020-10-15T20:00:00+00:00,114583.27434999999
2020-10-16T20:00:00+00:00,113847.74434999998
2020-10-19T20:00:00+00:00,113466.34434999998
2020-10-20T20:00:00+00:00,113519.06434999997
2020-10-21T20:00:00+00:00,112443.77434999998
2020-10-22T20:00:00+00:00,113093.43435
2020-10-23T20:00:00+00:00,112960.12434999998
2020-10-26T20:00:00+00:00,111510.53434999999
2020-10-27T20:00:00+00:00,111444.94434999999
2020-10-28T20:00:00+00:00,109161.38434999998
2020-10-29T20:00:00+00:00,108315.57434999998
2020-10-30T20:00:00+00:00,107769.21434999998
2020-11-02T21:00:00+00:00,109190.34589999999
2020-11-03T21:00:00+00:00,111351.28589999999
2020-11-04T21:00:00+00:00,112320.80589999998
2020-11-05T21:00:00+00:00,113828.91589999999
2020-11-06T21:00:00+00:00,113536.39589999997
2020-11-09T21:00:00+00:00,114192.56589999999
2020-11-10T21:00:00+00:00,114986.7359
2020-11-11T21:00:00+00:00,115343.37589999998
2020-11-12T21:00:00+00:00,114529.30589999998
2020-11-13T21:00:00+00:00,115365.98589999997
2020-11-16T21:00:00+00:00,116636.28589999999
2020-11-17T21:00:00+00:00,116535.0459
2020-11-18T21:00:00+00:00,115779.28589999999
2020-11-19T21:00:00+00:00,115711.24590000001
2020-11-20T21:00:00+00:00,116010.94589999999
2020-11-23T21:00:00+00:00,116931.07589999997
2020-11-24T21:00:00+00:00,118258.44589999999
2020-11-25T21:00:00+00:00,118655.81589999999
2020-11-27T18:00:00+00:00,118542.16589999999
2020-11-30T21:00:00+00:00,118185.15589999998
2020-12-01T21:00:00+00:00,118307.797
2020-12-02T21:00:00+00:00,119165.52700000002
2020-12-03T21:00:00+00:00,119748.07699999999
2020-12-04T21:00:00+00:00,120671.867
2020-12-07T21:00:00+00:00,120834.107
2020-12-08T21:00:00+00:00,121616.67699999998
2020-12-09T21:00:00+00:00,120247.707
2020-12-10T21:00:00+00:00,121340.84700000001
2020-12-11T21:00:00+00:00,120697.80699999999
2020-12-14T21:00:00+00:00,120949.87700000001
2020-12-15T21:00:00+00:00,122593.877
2020-12-16T21:00:00+00:00,123121.667
2020-12-17T21:00:00+00:00,124129.277
2020-12-18T21:00:00+00:00,124386.59700000001
2020-12-21T21:00:00+00:00,123127.66699999999
2020-12-22T21:00:00+00:00,122806.177
2020-12-23T21:00:00+00:00,123689.167
2020-12-24T18:00:00+00:00,123921.217
2020-12-28T21:00:00+00:00,124213.99699999999
2020-12-29T21:00:00+00:00,123686.85699999999
2020-12-30T21:00:00+00:00,124415.81700000001
2020-12-31T21:00:00+00:00,124677.09700000001
2021-01-04T21:00:00+00:00,123590.7539
2021-01-05T21:00:00+00:00,125575.2139
2021-01-06T21:00:00+00:00,126593.48389999999
2021-01-07T21:00:00+00:00,127874.5639
2021-01-08T21:00:00+00:00,128269.00389999998
2021-01-11T21:00:00+00:00,127578.9239
2021-01-12T21:00:00+00:00,128615.37389999999
2021-01-13T21:00:00+00:00,128380.10389999999
2021-01-14T21:00:00+00:00,129188.7739
2021-01-15T21:00:00+00:00,126975.63389999999
2021-01-19T21:00:00+00:00,128960.6239
2021-01-20T21:00:00+00:00,130078.74389999999
2021-01-21T21:00:00+00:00,130044.75390000001
2021-01-22T21:00:00+00:00,129495.34389999998
2021-01-25T21:00:00+00:00,130195.1439
2021-01-26T21:00:00+00:00,129970.1839
2021-01-27T21:00:00+00:00,126918.75389999998
2021-01-28T21:00:00+00:00,127777.18389999999
2021-01-29T21:00:00+00:00,126462.4539
2021-02-01T21:00:00+00:00,129139.75385000002
2021-02-02T21:00:00+00:00,130616.60385
2021-02-03T21:00:00+00:00,131049.44385
2021-02-04T21:00:00+00:00,131743.95384999996
2021-02-05T21:00:00+00:00,132827.14385
2021-02-08T21:00:00+00:00,134499.87384999997
2021-02-09T21:00:00+00:00,134935.35384999998
2021-02-10T21:00:00+00:00,134659.47385
2021-02-11T21:00:00+00:00,134371.97384999998
2021-02-12T21:00:00+00:00,135651.53384999998
2021-02-16T21:00:00+00:00,134829.13384999998
2021-02-17T21:00:00+00:00,135108.34384999998
2021-02-18T21:00:00+00:00,133514.06385
2021-02-19T21:00:00+00:00,133784.99384999997
2021-02-22T21:00:00+00:00,134493.13384999998
2021-02-23T21:00:00+00:00,133835.89384999996
2021-02-24T21:00:00+00:00,136432.81384999998
2021-02-25T21:00:00+00:00,132890.76385
2021-02-26T21:00:00+00:00,131577.42385
2021-03-01T21:00:00+00:00,133183.966475
2021-03-02T21:00:00+00:00,131846.106475
2021-03-03T21:00:00+00:00,130350.80647499999
2021-03-04T21:00:00+00:00,130756.52647499999
2021-03-05T21:00:00+00:00,133358.556475
2021-03-08T21:00:00+00:00,132543.01647499998
2021-03-09T21:00:00+00:00,133565.716475
2021-03-10T21:00:00+00:00,134500.13647499998
2021-03-11T21:00:00+00:00,136595.476475
2021-03-12T21:00:00+00:00,136358.22647499997
2021-03-15T20:00:00+00:00,136584.926475
2021-03-16T20:00:00+00:00,136198.26647499998
2021-03-17T20:00:00+00:00,136642.416475
2021-03-18T20:00:00+00:00,132492.54647499998
2021-03-19T20:00:00+00:00,133232.926475
2021-03-22T20:00:00+00:00,133753.716475
2021-03-23T20:00:00+00:00,130652.70647499998
2021-03-24T20:00:00+00:00,131113.156475
2021-03-25T20:00:00+00:00,130935.006475
2021-03-26T20:00:00+00:00,132853.29647499998
2021-03-29T20:00:00+00:00,132849.656475
2021-03-30T20:00:00+00:00,132250.186475
2021-03-31T20:00:00+00:00,132732.716475
2021-04-01T20:00:00+00:00,134658.067075
2021-04-05T20:00:00+00:00,134626.65707499997
2021-04-06T20:00:00+00:00,134846.47707499997
2021-04-07T20:00:00+00:00,134754.17707499999
2021-04-08T20:00:00+00:00,135536.17707499999
2021-04-09T20:00:00+00:00,135322.32707499998
2021-04-12T20:00:00+00:00,135593.21707499996
2021-04-13T20:00:00+00:00,136381.24707499996
2021-04-14T20:00:00+00:00,137518.277075
2021-04-15T20:00:00+00:00,138632.91707499998
2021-04-16T20:00:00+00:00,138676.367075
2021-04-19T20:00:00+00:00,138098.057075
2021-04-20T20:00:00+00:00,136062.967075
2021-04-21T20:00:00+00:00,136684.96707499996
2021-04-22T20:00:00+00:00,136626.437075
2021-04-23T20:00:00+00:00,137953.77707499996
2021-04-26T20:00:00+00:00,138785.01707499998
2021-04-27T20:00:00+00:00,139048.50707499997
2021-04-28T20:00:00+00:00,139582.867075
2021-04-29T20:00:00+00:00,139889.53707499997
2021-04-30T20:00:00+00:00,138513.94707499997
2021-05-03T20:00:00+00:00,138907.9753
2021-05-04T20:00:00+00:00,138816.52529999998
2021-05-05T20:00:00+00:00,138068.1353
2021-05-06T20:00:00+00:00,138570.15529999998
2021-05-07T20:00:00+00:00,139561.5753
2021-05-10T20:00:00+00:00,137330.5053
2021-05-11T20:00:00+00:00,137352.9153
2021-05-12T20:00:00+00:00,134970.5053
2021-05-13T20:00:00+00:00,135142.18529999998
2021-05-14T20:00:00+00:00,138035.7353
2021-05-17T20:00:00+00:00,138196.77529999998
2021-05-18T20:00:00+00:00,136334.7353
2021-05-19T20:00:00+00:00,135063.40529999998
2021-05-20T20:00:00+00:00,136118.02529999998
2021-05-21T20:00:00+00:00,136834.61529999998
2021-05-24T20:00:00+00:00,139089.5053
2021-05-25T20:00:00+00:00,138816.68529999998
2021-05-26T20:00:00+00:00,139547.1153
2021-05-27T20:00:00+00:00,140778.1853
2021-05-28T20:00:00+00:00,140067.0653
2021-06-01T20:00:00+00:00,140860.558
2021-06-02T20:00:00+00:00,141491.17799999999
2021-06-03T20:00:00+00:00,140675.53799999997
2021-06-04T20:00:00+00:00,141849.19799999997
2021-06-07T20:00:00+00:00,142315.978
2021-06-08T20:00:00+00:00,142939.01799999998
2021-06-09T20:00:00+00:00,142593.098
2021-06-10T20:00:00+00:00,142880.578
2021-06-11T20:00:00+00:00,143495.658
2021-06-14T20:00:00+00:00,143799.158
2021-06-15T20:00:00+00:00,143990.598
2021-06-16T20:00:00+00:00,142933.358
2021-06-17T20:00:00+00:00,143123.81799999997
2021-06-18T20:00:00+00:00,141640.538
2021-06-21T20:00:00+00:00,143658.558
2021-06-22T20:00:00+00:00,144331.258
2021-06-23T20:00:00+00:00,144662.618
2021-06-24T20:00:00+00:00,145401.758
2021-06-25T20:00:00+00:00,145669.558
2021-06-28T20:00:00+00:00,145383.97799999997
2021-06-29T20:00:00+00:00,145732.898
2021-06-30T20:00:00+00:00,145797.058
2021-07-01T20:00:00+00:00,146408.49432499998
2021-07-02T20:00:00+00:00,146920.134325
2021-07-06T20:00:00+00:00,145557.884325
2021-07-07T20:00:00+00:00,144976.74432499998
2021-07-08T20:00:00+00:00,144463.37432499998
2021-07-09T20:00:00+00:00,146661.82432499997
2021-07-12T20:00:00+00:00,146814.114325
2021-07-13T20:00:00+00:00,146362.22432499996
2021-07-14T20:00:00+00:00,145110.504325
2021-07-15T20:00:00+00:00,143767.014325
2021-07-16T20:00:00+00:00,143092.144325
2021-07-19T20:00:00+00:00,140071.224325
2021-07-20T20:00:00+00:00,141866.584325
2021-07-21T20:00:00+00:00,144423.704325
2021-07-22T20:00:00+00:00,145042.06432499998
2021-07-23T20:00:00+00:00,145744.294325
2021-07-26T20:00:00+00:00,146190.08432499997
2021-07-27T20:00:00+00:00,145128.444325
2021-07-28T20:00:00+00:00,146067.15432499995
2021-07-29T20:00:00+00:00,146299.20432499997
2021-07-30T20:00:00+00:00,146621.014325
2021-08-02T20:00:00+00:00,145272.59557499998
2021-08-03T20:00:00+00:00,145149.495575
2021-08-04T20:00:00+00:00,144168.725575
2021-08-05T20:00:00+00:00,145343.105575
2021-08-06T20:00:00+00:00,145134.675575
2021-08-09T20:00:00+00:00,144586.605575
2021-08-10T20:00:00+00:00,145129.11557499997
2021-08-11T20:00:00+00:00,145622.59557499998
2021-08-12T20:00:00+00:00,145557.695575
2021-08-13T20:00:00+00:00,145065.325575
2021-08-16T20:00:00+00:00,144757.565575
2021-08-17T20:00:00+00:00,143358.985575
2021-08-18T20:00:00+00:00,141952.525575
2021-08-19T20:00:00+00:00,141381.515575
2021-08-20T20:00:00+00:00,141843.895575
2021-08-23T20:00:00+00:00,144662.495575
2021-08-24T20:00:00+00:00,145668.115575
2021-08-25T20:00:00+00:00,146106.675575
2021-08-26T20:00:00+00:00,145452.29557499997
2021-08-27T20:00:00+00:00,147206.295575
2021-08-30T20:00:00+00:00,147696.145575
2021-08-31T20:00:00+00:00,147614.37557499998
2021-09-01T20:00:00+00:00,147624.87057499998
2021-09-02T20:00:00+00:00,148514.690575
2021-09-03T20:00:00+00:00,148175.220575
2021-09-07T20:00:00+00:00,147606.25057499998
2021-09-08T20:00:00+00:00,147436.690575
2021-09-09T20:00:00+00:00,146782.690575
2021-09-10T20:00:00+00:00,146668.22057499998
2021-09-13T20:00:00+00:00,147464.450575
2021-09-14T20:00:00+00:00,146853.47057499998
2021-09-15T20:00:00+00:00,148200.630575
2021-09-16T20:00:00+00:00,148026.450575
2021-09-17T20:00:00+00:00,147087.490575
2021-09-20T20:00:00+00:00,145078.630575
2021-09-21T20:00:00+00:00,144859.190575
2021-09-22T20:00:00+00:00,146953.75057499998
2021-09-23T20:00:00+00:00,148322.72057499998
2021-09-24T20:00:00+00:00,148450.46057499998
2021-09-27T20:00:00+00:00,149062.390575
2021-09-28T20:00:00+00:00,146851.510575
2021-09-29T20:00:00+00:00,147086.790575
2021-09-30T20:00:00+00:00,146433.580575
2021-10-01T20:00:00+00:00,147632.57912500002
2021-10-04T20:00:00+00:00,146842.95912499996
2021-10-05T20:00:00+00:00,147644.269125
2021-10-06T20:00:00+00:00,147676.669125
2021-10-07T20:00:00+00:00,148954.169125
2021-10-08T20:00:00+00:00,148013.50912499998
2021-10-11T20:00:00+00:00,147779.869125
2021-10-12T20:00:00+00:00,147983.51912499996
2021-10-13T20:00:00+00:00,149349.589125
2021-10-14T20:00:00+00:00,151137.189125
2021-10-15T20:00:00+00:00,151423.909125
2021-10-18T20:00:00+00:00,151697.299125
2021-10-19T20:00:00+00:00,152339.53912499998
2021-10-20T20:00:00+00:00,152462.15912499998
2021-10-21T20:00:00+00:00,152245.40912499998
2021-10-22T20:00:00+00:00,152777.25912499998
2021-10-25T20:00:00+00:00,153798.399125
2021-10-26T20:00:00+00:00,153998.189125
2021-10-27T20:00:00+00:00,153160.049125
2021-10-28T20:00:00+00:00,154007.399125
2021-10-29T20:00:00+00:00,154537.269125
2021-11-01T20:00:00+00:00,155531.32724999997
2021-11-02T20:00:00+00:00,155629.24725
2021-11-03T20:00:00+00:00,155739.26725
2021-11-04T20:00:00+00:00,156357.47725
2021-11-05T20:00:00+00:00,157781.53724999996
2021-11-08T21:00:00+00:00,158142.34725
2021-11-09T21:00:00+00:00,158615.03724999996
2021-11-10T21:00:00+00:00,156069.64724999998
2021-11-11T21:00:00+00:00,156421.74725
2021-11-12T21:00:00+00:00,156709.32724999997
2021-11-15T21:00:00+00:00,156125.41725
2021-11-16T21:00:00+00:00,156431.21725
2021-11-17T21:00:00+00:00,155654.70724999998
2021-11-18T21:00:00+00:00,156274.22725
2021-11-19T21:00:00+00:00,155505.59725
2021-11-22T21:00:00+00:00,155146.23724999998
2021-11-23T21:00:00+00:00,155240.99725
2021-11-24T21:00:00+00:00,155885.49725
2021-11-26T18:00:00+00:00,150332.76724999998
2021-11-29T21:00:00+00:00,152625.29724999997
2021-11-30T21:00:00+00:00,150092.68725
2021-12-01T21:00:00+00:00,148398.8996
2021-12-02T21:00:00+00:00,148511.5696
2021-12-03T21:00:00+00:00,148383.5396
2021-12-06T21:00:00+00:00,148385.8396
2021-12-07T21:00:00+00:00,149837.0996
2021-12-08T21:00:00+00:00,149457.3396
2021-12-09T21:00:00+00:00,148930.86959999998
2021-12-10T21:00:00+00:00,149465.3196
2021-12-13T21:00:00+00:00,149189.8296
2021-12-14T21:00:00+00:00,148588.9196
2021-12-15T21:00:00+00:00,149645.49959999998
2021-12-16T21:00:00+00:00,148389.86959999998
2021-12-17T21:00:00+00:00,148367.6296
2021-12-20T21:00:00+00:00,147574.58959999998
2021-12-21T21:00:00+00:00,148289.4196
2021-12-22T21:00:00+00:00,149240.4796
2021-12-23T21:00:00+00:00,149336.68959999998
2021-12-27T21:00:00+00:00,150315.7696
2021-12-28T21:00:00+00:00,150216.3396
2021-12-29T21:00:00+00:00,149687.74959999998
2021-12-30T21:00:00+00:00,149868.79959999997
2021-12-31T21:00:00+00:00,149630.0396
2022-01-03T21:00:00+00:00,149194.62855000002
2022-01-04T21:00:00+00:00,149020.28855
2022-01-05T21:00:00+00:00,146948.00854999997
2022-01-06T21:00:00+00:00,147624.83855
2022-01-07T21:00:00+00:00,146446.01854999998
2022-01-10T21:00:00+00:00,146474.10855
2022-01-11T21:00:00+00:00,148364.26854999998
2022-01-12T21:00:00+00:00,148776.41855
2022-01-13T21:00:00+00:00,147614.41855
2022-01-14T21:00:00+00:00,148106.30854999996
2022-01-18T21:00:00+00:00,146616.58855
2022-01-19T21:00:00+00:00,145733.62854999996
2022-01-20T21:00:00+00:00,144759.23855
2022-01-21T21:00:00+00:00,143526.15855
2022-01-24T21:00:00+00:00,144139.67855
2022-01-25T21:00:00+00:00,143553.82854999998
2022-01-26T21:00:00+00:00,143331.78855
2022-01-27T21:00:00+00:00,142486.36855
2022-01-28T21:00:00+00:00,143859.12854999996
2022-01-31T21:00:00+00:00,145455.97855
2022-02-01T21:00:00+00:00,146162.12467499997
2022-02-02T21:00:00+00:00,145423.424675
2022-02-03T21:00:00+00:00,146092.94467499998
2022-02-04T21:00:00+00:00,146133.50467499997
2022-02-07T21:00:00+00:00,146134.744675
2022-02-08T21:00:00+00:00,146104.26467499998
2022-02-09T21:00:00+00:00,146964.704675
2022-02-10T21:00:00+00:00,145785.504675
2022-02-11T21:00:00+00:00,145731.064675
2022-02-14T21:00:00+00:00,145898.044675
2022-02-15T21:00:00+00:00,145763.88467499998
2022-02-16T21:00:00+00:00,145394.12467499997
2022-02-17T21:00:00+00:00,144682.064675
2022-02-18T21:00:00+00:00,144437.584675
2022-02-22T21:00:00+00:00,144763.784675
2022-02-23T21:00:00+00:00,143889.06467499997
2022-02-24T21:00:00+00:00,144893.904675
2022-02-25T21:00:00+00:00,145214.924675
2022-02-28T21:00:00+00:00,146322.644675
2022-03-01T21:00:00+00:00,147827.02202499998
2022-03-02T21:00:00+00:00,150241.42202499998
2022-03-03T21:00:00+00:00,150171.002025
2022-03-04T21:00:00+00:00,154939.442025
2022-03-07T21:00:00+00:00,158440.322025
2022-03-08T21:00:00+00:00,160603.222025
2022-03-09T21:00:00+00:00,151076.402025
2022-03-10T21:00:00+00:00,149778.66202499997
2022-03-11T21:00:00+00:00,151458.682025
2022-03-14T20:00:00+00:00,147273.722025
2022-03-15T20:00:00+00:00,143923.74202499999
2022-03-16T20:00:00+00:00,143501.222025
2022-03-17T20:00:00+00:00,149084.52202499998
2022-03-18T20:00:00+00:00,150171.002025
2022-03-21T20:00:00+00:00,155532.98202499998
2022-03-22T20:00:00+00:00,153561.222025
2022-03-23T20:00:00+00:00,157122.462025
2022-03-24T20:00:00+00:00,155532.98202499998
2022-03-25T20:00:00+00:00,155875.02202499998
2022-03-28T20:00:00+00:00,150160.942025
2022-03-29T20:00:00+00:00,152293.66202499997
2022-03-30T20:00:00+00:00,153329.842025
2022-03-31T20:00:00+00:00,149597.58202499998
2022-04-01T20:00:00+00:00,148874.4781
2022-04-04T20:00:00+00:00,151579.82809999998
2022-04-05T20:00:00+00:00,149513.57809999998
2022-04-06T20:00:00+00:00,147355.5281
2022-04-07T20:00:00+00:00,148033.63809999998
2022-04-08T20:00:00+00:00,148894.67809999996
2022-04-11T20:00:00+00:00,147160.98810000002
2022-04-12T20:00:00+00:00,150257.62809999997
2022-04-13T20:00:00+00:00,151857.05809999997
2022-04-14T20:00:00+00:00,152003.81809999997
2022-04-18T20:00:00+00:00,152928.18809999997
2022-04-19T20:00:00+00:00,150835.92810000002
2022-04-20T20:00:00+00:00,151069.7981
2022-04-21T20:00:00+00:00,150415.3581
2022-04-22T20:00:00+00:00,147328.17809999996
2022-04-25T20:00:00+00:00,145625.80809999997
2022-04-26T20:00:00+00:00,145760.17810000002
2022-04-27T20:00:00+00:00,145623.43809999997
2022-04-28T20:00:00+00:00,147279.8981
2022-04-29T20:00:00+00:00,145970.19809999998
2022-05-02T20:00:00+00:00,145446.75535
2022-05-03T20:00:00+00:00,145075.33534999998
2022-05-04T20:00:00+00:00,147871.59535
2022-05-05T20:00:00+00:00,147765.26535
2022-05-06T20:00:00+00:00,148898.20534999997
2022-05-09T20:00:00+00:00,144278.19535
2022-05-10T20:00:00+00:00,142292.22535
2022-05-11T20:00:00+00:00,145632.93534999999
2022-05-12T20:00:00+00:00,145150.68534999999
2022-05-13T20:00:00+00:00,146389.10534999997
2022-05-16T20:00:00+00:00,147892.11534999998
2022-05-17T20:00:00+00:00,146971.41535
2022-05-18T20:00:00+00:00,144626.99534999998
2022-05-19T20:00:00+00:00,146837.29534999997
2022-05-20T20:00:00+00:00,147473.42534999998
2022-05-23T20:00:00+00:00,147513.35534999997
2022-05-24T20:00:00+00:00,148310.51535
2022-05-25T20:00:00+00:00,148242.18534999999
2022-05-26T20:00:00+00:00,149604.43534999999
2022-05-27T20:00:00+00:00,150294.83534999998
2022-05-31T20:00:00+00:00,149969.57534999997
2022-06-01T20:00:00+00:00,149373.07145
2022-06-02T20:00:00+00:00,152709.06145
2022-06-03T20:00:00+00:00,153923.11145
2022-06-06T20:00:00+00:00,152868.55145
2022-06-07T20:00:00+00:00,154011.23145
2022-06-08T20:00:00+00:00,155951.41144999999
2022-06-09T20:00:00+00:00,155148.99145
2022-06-10T20:00:00+00:00,155260.90144999998
2022-06-13T20:00:00+00:00,153202.39144999997
2022-06-14T20:00:00+00:00,151145.69144999998
2022-06-15T20:00:00+00:00,151385.03144999998
2022-06-16T20:00:00+00:00,152337.01145
2022-06-17T20:00:00+00:00,147785.79145
2022-06-21T20:00:00+00:00,148532.59144999998
2022-06-22T20:00:00+00:00,144519.84144999998
2022-06-23T20:00:00+00:00,143728.49145
2022-06-24T20:00:00+00:00,145674.97144999998
2022-06-27T20:00:00+00:00,147118.96144999997
2022-06-28T20:00:00+00:00,148590.84145
2022-06-29T20:00:00+00:00,147028.57145
2022-06-30T20:00:00+00:00,144034.15144999998
2022-07-01T20:00:00+00:00,145163.17145
2022-07-05T20:00:00+00:00,140050.95145
2022-07-06T20:00:00+00:00,137809.37145
2022-07-07T20:00:00+00:00,140830.63145
2022-07-08T20:00:00+00:00,142514.03145
2022-07-11T20:00:00+00:00,141663.47145
2022-07-12T20:00:00+00:00,136285.45145
2022-07-13T20:00:00+00:00,137641.03145
2022-07-14T20:00:00+00:00,137401.81144999998
2022-07-15T20:00:00+00:00,137995.43145
2022-07-18T20:00:00+00:00,140901.51145
2022-07-19T20:00:00+00:00,141743.21145
2022-07-20T20:00:00+00:00,141601.45145
2022-07-21T20:00:00+00:00,139457.33145
2022-07-22T20:00:00+00:00,139164.95145
2022-07-25T20:00:00+00:00,140015.51145
2022-07-26T20:00:00+00:00,139696.55145
2022-07-27T20:00:00+00:00,141805.23145
2022-07-28T20:00:00+00:00,141406.53145
2022-07-29T20:00:00+00:00,141973.57145
2022-08-01T20:00:00+00:00,139306.71145
2022-08-02T20:00:00+00:00,140059.81144999998
2022-08-03T20:00:00+00:00,138146.05145
2022-08-04T20:00:00+00:00,135798.15145
2022-08-05T20:00:00+00:00,136241.15145
2022-08-08T20:00:00+00:00,137924.55145
2022-08-09T20:00:00+00:00,137915.69144999998
2022-08-10T20:00:00+00:00,138651.07145
2022-08-11T20:00:00+00:00,140361.05145
2022-08-12T20:00:00+00:00,139173.81144999998
2022-08-15T20:00:00+00:00,137011.97145
2022-08-16T20:00:00+00:00,136294.31144999998
2022-08-17T20:00:00+00:00,136498.09145
2022-08-18T20:00:00+00:00,138606.77145
2022-08-19T20:00:00+00:00,138332.11145
2022-08-22T20:00:00+00:00,138801.69144999998
2022-08-23T20:00:00+00:00,140990.11145
2022-08-24T20:00:00+00:00,142017.87145
2022-08-25T20:00:00+00:00,140502.81144999998
2022-08-26T20:00:00+00:00,139988.93145
2022-08-29T20:00:00+00:00,142505.17145
2022-08-30T20:00:00+00:00,139723.13145
2022-08-31T20:00:00+00:00,137446.11145
2022-09-01T20:00:00+00:00,136303.17145
2022-09-02T20:00:00+00:00,136347.47145
2022-09-06T20:00:00+00:00,136232.29145000002
2022-09-07T20:00:00+00:00,132803.47145
2022-09-08T20:00:00+00:00,133131.29145000002
2022-09-09T20:00:00+00:00,135638.67145
2022-09-12T20:00:00+00:00,137100.57145
2022-09-13T20:00:00+00:00,136595.55145
2022-09-14T20:00:00+00:00,137437.25145
2022-09-15T20:00:00+00:00,134362.83145
2022-09-16T20:00:00+00:00,134664.07145
2022-09-19T20:00:00+00:00,134788.11145
2022-09-20T20:00:00+00:00,134194.49145
2022-09-21T20:00:00+00:00,133290.77145
2022-09-22T20:00:00+00:00,134008.43145
2022-09-23T20:00:00+00:00,130987.17145
2022-09-26T20:00:00+00:00,128789.89145
2022-09-27T20:00:00+00:00,129675.89145
2022-09-28T20:00:00+00:00,132023.79145000002
2022-09-29T20:00:00+00:00,131952.91145
2022-09-30T20:00:00+00:00,130615.05145
2022-10-03T20:00:00+00:00,132768.29725
2022-10-04T20:00:00+00:00,132768.29725
2022-10-05T20:00:00+00:00,132768.29725
2022-10-06T20:00:00+00:00,132768.29725
2022-10-07T20:00:00+00:00,132768.29725
2022-10-10T20:00:00+00:00,132768.29725
2022-10-11T20:00:00+00:00,132768.29725
2022-10-12T20:00:00+00:00,132768.29725
2022-10-13T20:00:00+00:00,132768.29725
2022-10-14T20:00:00+00:00,132768.29725
2022-10-17T20:00:00+00:00,132768.29725
2022-10-18T20:00:00+00:00,132768.29725
2022-10-19T20:00:00+00:00,132768.29725
2022-10-20T20:00:00+00:00,132768.29725
2022-10-21T20:00:00+00:00,132768.29725
2022-10-24T20:00:00+00:00,132768.29725
2022-10-25T20:00:00+00:00,132768.29725
2022-10-26T20:00:00+00:00,132768.29725
2022-10-27T20:00:00+00:00,132768.29725
2022-10-28T20:00:00+00:00,132768.29725
2022-10-31T20:00:00+00:00,132768.29725
2022-11-01T20:00:00+00:00,132768.29725
2022-11-02T20:00:00+00:00,132768.29725
2022-11-03T20:00:00+00:00,132768.29725
2022-11-04T20:00:00+00:00,132768.29725
2022-11-07T21:00:00+00:00,132768.29725
2022-11-08T21:00:00+00:00,132768.29725
2022-11-09T21:00:00+00:00,132768.29725
2022-11-10T21:00:00+00:00,132768.29725
2022-11-11T21:00:00+00:00,132768.29725
2022-11-14T21:00:00+00:00,132768.29725
2022-11-15T21:00:00+00:00,132768.29725
2022-11-16T21:00:00+00:00,132768.29725
2022-11-17T21:00:00+00:00,132768.29725
2022-11-18T21:00:00+00:00,132768.29725
2022-11-21T21:00:00+00:00,132768.29725
2022-11-22T21:00:00+00:00,132768.29725
2022-11-23T21:00:00+00:00,132768.29725
2022-11-25T18:00:00+00:00,132768.29725
2022-11-28T21:00:00+00:00,132768.29725
2022-11-29T21:00:00+00:00,132768.29725
2022-11-30T21:00:00+00:00,132768.29725
2022-12-01T21:00:00+00:00,132437.9008
2022-12-02T21:00:00+00:00,132451.46080000003
2022-12-05T21:00:00+00:00,130044.47080000001
2022-12-06T21:00:00+00:00,128763.1208
2022-12-07T21:00:00+00:00,128867.70080000002
2022-12-08T21:00:00+00:00,129470.82080000002
2022-12-09T21:00:00+00:00,128829.0508
2022-12-12T21:00:00+00:00,129615.89080000002
2022-12-13T21:00:00+00:00,130811.09080000003
2022-12-14T21:00:00+00:00,130391.3608
2022-12-15T21:00:00+00:00,127248.69080000001
2022-12-16T21:00:00+00:00,126529.35080000001
2022-12-19T21:00:00+00:00,125810.65080000003
2022-12-20T21:00:00+00:00,126926.67079999999
2022-12-21T21:00:00+00:00,128004.8708
2022-12-22T21:00:00+00:00,126240.60080000001
2022-12-23T21:00:00+00:00,126837.76080000002
2022-12-27T21:00:00+00:00,126679.36080000002
2022-12-28T21:00:00+00:00,125461.9908
2022-12-29T21:00:00+00:00,127193.4008
2022-12-30T21:00:00+00:00,127576.25080000004
2023-01-03T21:00:00+00:00,127064.0423
2023-01-04T21:00:00+00:00,127497.99230000001
2023-01-05T21:00:00+00:00,126935.1723
2023-01-06T21:00:00+00:00,127779.40230000002
2023-01-09T21:00:00+00:00,127868.8223
2023-01-10T21:00:00+00:00,128018.7323
2023-01-11T21:00:00+00:00,128023.99230000001
2023-01-12T21:00:00+00:00,128539.4723
2023-01-13T21:00:00+00:00,128978.68230000001
2023-01-17T21:00:00+00:00,128805.1023
2023-01-18T21:00:00+00:00,128734.0923
2023-01-19T21:00:00+00:00,129402.11230000001
2023-01-20T21:00:00+00:00,129239.05230000001
2023-01-23T21:00:00+00:00,129367.9223
2023-01-24T21:00:00+00:00,129475.75230000001
2023-01-25T21:00:00+00:00,129749.27230000001
2023-01-26T21:00:00+00:00,129302.1723
2023-01-27T21:00:00+00:00,129291.65230000002
2023-01-30T21:00:00+00:00,129123.33230000001
2023-01-31T21:00:00+00:00,129241.68230000001
2023-02-01T21:00:00+00:00,129605.22735
2023-02-02T21:00:00+00:00,129976.39735000001
2023-02-03T21:00:00+00:00,128668.20735000001
2023-02-06T21:00:00+00:00,128047.29735000001
2023-02-07T21:00:00+00:00,129083.66735
2023-02-08T21:00:00+00:00,128044.07735
2023-02-09T21:00:00+00:00,126711.04735000001
2023-02-10T21:00:00+00:00,126636.25735
2023-02-13T21:00:00+00:00,127700.09735000003
2023-02-14T21:00:00+00:00,127746.19735
2023-02-15T21:00:00+00:00,128376.74734999999
2023-02-16T21:00:00+00:00,126597.32735
2023-02-17T21:00:00+00:00,126849.11734999999
2023-02-21T21:00:00+00:00,124479.58735000002
2023-02-22T21:00:00+00:00,124545.43735
2023-02-23T21:00:00+00:00,124714.82735
2023-02-24T21:00:00+00:00,123489.45735000001
2023-02-27T21:00:00+00:00,124155.17734999998
2023-02-28T21:00:00+00:00,123825.68735
2023-03-01T21:00:00+00:00,123961.74675
2023-03-02T21:00:00+00:00,124295.49674999999
2023-03-03T21:00:00+00:00,126443.36675
2023-03-06T21:00:00+00:00,125866.11675
2023-03-07T21:00:00+00:00,124089.66675
2023-03-08T21:00:00+00:00,124243.61675
2023-03-09T21:00:00+00:00,122354.65675000001
2023-03-10T21:00:00+00:00,121607.55675000002
2023-03-13T20:00:00+00:00,121997.28675
2023-03-14T20:00:00+00:00,123522.65675000001
2023-03-15T20:00:00+00:00,123224.33675
2023-03-16T20:00:00+00:00,125003.54675
2023-03-17T20:00:00+00:00,124954.81675
2023-03-20T20:00:00+00:00,125347.24675
2023-03-21T20:00:00+00:00,126158.08675
2023-03-22T20:00:00+00:00,124940.59675000001
2023-03-23T20:00:00+00:00,125550.72675
2023-03-24T20:00:00+00:00,125952.13675000002
2023-03-27T20:00:00+00:00,125691.25675000002
2023-03-28T20:00:00+00:00,125726.17675
2023-03-29T20:00:00+00:00,126558.81675
2023-03-30T20:00:00+00:00,127542.73675
2023-03-31T20:00:00+00:00,128982.45675
2023-04-03T20:00:00+00:00,128900.283875
2023-04-04T20:00:00+00:00,129373.583875
2023-04-05T20:00:00+00:00,128763.90387499999
2023-04-06T20:00:00+00:00,128934.023875
2023-04-10T20:00:00+00:00,128835.683875
2023-04-11T20:00:00+00:00,128807.883875
2023-04-12T20:00:00+00:00,128428.603875
2023-04-13T20:00:00+00:00,129867.843875
2023-04-14T20:00:00+00:00,129323.42387500001
2023-04-17T20:00:00+00:00,129176.543875
2023-04-18T20:00:00+00:00,129371.763875
2023-04-19T20:00:00+00:00,128997.523875
2023-04-20T20:00:00+00:00,128969.24387500001
2023-04-21T20:00:00+00:00,128677.90387499999
2023-04-24T20:00:00+00:00,128792.883875
2023-04-25T20:00:00+00:00,128319.44387500001
2023-04-26T20:00:00+00:00,127978.683875
2023-04-27T20:00:00+00:00,129038.183875
2023-04-28T20:00:00+00:00,129715.683875
2023-05-01T20:00:00+00:00,129315.66692499998
2023-05-02T20:00:00+00:00,129304.70692500002
2023-05-03T20:00:00+00:00,129364.006925
2023-05-04T20:00:00+00:00,129274.146925
2023-05-05T20:00:00+00:00,129870.946925
2023-05-08T20:00:00+00:00,130101.746925
2023-05-09T20:00:00+00:00,130109.04692499999
2023-05-10T20:00:00+00:00,130684.42692499999
2023-05-11T20:00:00+00:00,130382.806925
2023-05-12T20:00:00+00:00,129837.42692499999
2023-05-15T20:00:00+00:00,130395.366925
2023-05-16T20:00:00+00:00,129796.126925
2023-05-17T20:00:00+00:00,130561.686925
2023-05-18T20:00:00+00:00,131501.986925
2023-05-19T20:00:00+00:00,131601.026925
2023-05-22T20:00:00+00:00,131803.46692500002
2023-05-23T20:00:00+00:00,130753.846925
2023-05-24T20:00:00+00:00,130585.62692499999
2023-05-25T20:00:00+00:00,130625.90692499999
2023-05-26T20:00:00+00:00,132805.50692500002
2023-05-30T20:00:00+00:00,133185.44692500003
2023-05-31T20:00:00+00:00,132725.44692500003
2023-06-01T20:00:00+00:00,134002.700175
2023-06-02T20:00:00+00:00,134279.22017500002
2023-06-05T20:00:00+00:00,134399.71017500001
2023-06-06T20:00:00+00:00,134720.560175
2023-06-07T20:00:00+00:00,133315.28017500002
2023-06-08T20:00:00+00:00,134520.570175
2023-06-09T20:00:00+00:00,134670.250175
2023-06-12T20:00:00+00:00,135945.34017500002
2023-06-13T20:00:00+00:00,136201.520175
2023-06-14T20:00:00+00:00,136586.550175
2023-06-15T20:00:00+00:00,137821.550175
2023-06-16T20:00:00+00:00,137459.230175
2023-06-20T20:00:00+00:00,136574.200175
2023-06-21T20:00:00+00:00,135585.78017500002
2023-06-22T20:00:00+00:00,135914.140175
2023-06-23T20:00:00+00:00,135148.640175
2023-06-26T20:00:00+00:00,134629.56017500002
2023-06-27T20:00:00+00:00,135325.260175
2023-06-28T20:00:00+00:00,135720.640175
2023-06-29T20:00:00+00:00,135662.22017500002
2023-06-30T20:00:00+00:00,137035.830175
2023-07-03T17:00:00+00:00,137190.868425
2023-07-05T20:00:00+00:00,137008.858425
2023-07-06T20:00:00+00:00,136404.79842500002
2023-07-07T20:00:00+00:00,136513.188425
2023-07-10T20:00:00+00:00,136595.96842500003
2023-07-11T20:00:00+00:00,137119.478425
2023-07-12T20:00:00+00:00,138329.978425
2023-07-13T20:00:00+00:00,139129.058425
2023-07-14T20:00:00+00:00,139022.98842500002
2023-07-17T20:00:00+00:00,139368.008425
2023-07-18T20:00:00+00:00,140368.248425
2023-07-19T20:00:00+00:00,140143.808425
2023-07-20T20:00:00+00:00,139309.898425
2023-07-21T20:00:00+00:00,139038.39842500002
2023-07-24T20:00:00+00:00,139154.77842500003
2023-07-25T20:00:00+00:00,139576.198425
2023-07-26T20:00:00+00:00,139776.538425
2023-07-27T20:00:00+00:00,138945.27842500003
2023-07-28T20:00:00+00:00,140089.048425
2023-07-31T20:00:00+00:00,140273.088425
2023-08-01T20:00:00+00:00,139417.31392500002
2023-08-02T20:00:00+00:00,137497.32392500003
2023-08-03T20:00:00+00:00,137886.443925
2023-08-04T20:00:00+00:00,137772.103925
2023-08-07T20:00:00+00:00,138229.823925
2023-08-08T20:00:00+00:00,137591.783925
2023-08-09T20:00:00+00:00,137372.413925
2023-08-10T20:00:00+00:00,136850.21392500002
2023-08-11T20:00:00+00:00,136670.203925
2023-08-14T20:00:00+00:00,136839.113925
2023-08-15T20:00:00+00:00,135352.30392500001
2023-08-16T20:00:00+00:00,133799.603925
2023-08-17T20:00:00+00:00,133249.483925
2023-08-18T20:00:00+00:00,133716.27392500002
2023-08-21T20:00:00+00:00,134110.793925
2023-08-22T20:00:00+00:00,133991.073925
2023-08-23T20:00:00+00:00,135241.33392499998
2023-08-24T20:00:00+00:00,133594.63392500003
2023-08-25T20:00:00+00:00,134370.633925
2023-08-28T20:00:00+00:00,135105.233925
2023-08-29T20:00:00+00:00,137136.593925
2023-08-30T20:00:00+00:00,137679.953925
2023-08-31T20:00:00+00:00,138191.653925
2023-09-01T20:00:00+00:00,139123.394325
2023-09-05T20:00:00+00:00,138554.67432500003
2023-09-06T20:00:00+00:00,138215.50432500002
2023-09-07T20:00:00+00:00,137467.434325
2023-09-08T20:00:00+00:00,137621.404325
2023-09-11T20:00:00+00:00,138227.614325
2023-09-12T20:00:00+00:00,138188.074325
2023-09-13T20:00:00+00:00,138120.884325
2023-09-14T20:00:00+00:00,139534.41432500002
2023-09-15T20:00:00+00:00,138517.324325
2023-09-18T20:00:00+00:00,138611.854325
2023-09-19T20:00:00+00:00,138296.584325
2023-09-20T20:00:00+00:00,136735.984325
2023-09-21T20:00:00+00:00,135511.824325
2023-09-22T20:00:00+00:00,135599.72432500002
2023-09-25T20:00:00+00:00,135670.614325
2023-09-26T20:00:00+00:00,134598.81432499998
2023-09-27T20:00:00+00:00,135311.30432500003
2023-09-28T20:00:00+00:00,135158.69432500002
2023-09-29T20:00:00+00:00,134379.654325
2023-10-02T20:00:00+00:00,133245.27155
2023-10-03T20:00:00+00:00,132610.71155
2023-10-04T20:00:00+00:00,131584.34155
2023-10-05T20:00:00+00:00,131025.87155000001
2023-10-06T20:00:00+00:00,131887.33155
2023-10-09T20:00:00+00:00,133202.66155000002
2023-10-10T20:00:00+00:00,133313.30155
2023-10-11T20:00:00+00:00,133138.12155
2023-10-12T20:00:00+00:00,132895.64155
2023-10-13T20:00:00+00:00,133592.65155
2023-10-16T20:00:00+00:00,134023.97155
2023-10-17T20:00:00+00:00,134205.11155
2023-10-18T20:00:00+00:00,133837.56154999998
2023-10-19T20:00:00+00:00,133788.62155
2023-10-20T20:00:00+00:00,132814.14155
2023-10-23T20:00:00+00:00,132497.53155
2023-10-24T20:00:00+00:00,131984.67155
2023-10-25T20:00:00+00:00,131208.02155
2023-10-26T20:00:00+00:00,130629.30155
2023-10-27T20:00:00+00:00,130773.21155
2023-10-30T20:00:00+00:00,130472.87155
2023-10-31T20:00:00+00:00,130333.72155
2023-11-01T20:00:00+00:00,131046.13670000002
2023-11-02T20:00:00+00:00,132541.2667
2023-11-03T20:00:00+00:00,132979.90670000002
2023-11-06T21:00:00+00:00,132815.5967
2023-11-07T21:00:00+00:00,131684.49670000002
2023-11-08T21:00:00+00:00,130790.4667
2023-11-09T21:00:00+00:00,130441.7367
2023-11-10T21:00:00+00:00,132125.5467
2023-11-13T21:00:00+00:00,132614.1567
2023-11-14T21:00:00+00:00,134224.1667
2023-11-15T21:00:00+00:00,133500.5167
2023-11-16T21:00:00+00:00,132662.5567
2023-11-17T21:00:00+00:00,133736.9067
2023-11-20T21:00:00+00:00,135147.2267
2023-11-21T21:00:00+00:00,135106.0967
2023-11-22T21:00:00+00:00,134970.43670000002
2023-11-24T18:00:00+00:00,134529.5767
2023-11-27T21:00:00+00:00,134636.5167
2023-11-28T21:00:00+00:00,135798.62670000002
2023-11-29T21:00:00+00:00,136290.93670000002
2023-11-30T21:00:00+00:00,135231.0167
2023-12-01T21:00:00+00:00,135733.107975
2023-12-04T21:00:00+00:00,134372.647975
2023-12-05T21:00:00+00:00,134381.077975
2023-12-06T21:00:00+00:00,134128.637975
2023-12-07T21:00:00+00:00,134804.457975
2023-12-08T21:00:00+00:00,134799.687975
2023-12-11T21:00:00+00:00,134889.93797499998
2023-12-12T21:00:00+00:00,135386.127975
2023-12-13T21:00:00+00:00,137114.96797499998
2023-12-14T21:00:00+00:00,137099.837975
2023-12-15T21:00:00+00:00,136871.697975
2023-12-18T21:00:00+00:00,137238.71797499998
2023-12-19T21:00:00+00:00,137899.337975
2023-12-20T21:00:00+00:00,136885.227975
2023-12-21T21:00:00+00:00,137814.747975
2023-12-22T21:00:00+00:00,137875.387975
2023-12-26T21:00:00+00:00,138527.737975
2023-12-27T21:00:00+00:00,138857.267975
2023-12-28T21:00:00+00:00,138673.327975
2023-12-29T21:00:00+00:00,138306.607975
2024-01-02T21:00:00+00:00,137274.16312500002
2024-01-03T21:00:00+00:00,135929.79312500003
2024-01-04T21:00:00+00:00,135269.103125
2024-01-05T21:00:00+00:00,135037.53312500002
2024-01-08T21:00:00+00:00,136245.06312500002
2024-01-09T21:00:00+00:00,136078.493125
2024-01-10T21:00:00+00:00,136366.673125
2024-01-11T21:00:00+00:00,136304.363125
2024-01-12T21:00:00+00:00,136439.53312500002
2024-01-16T21:00:00+00:00,135349.913125
2024-01-17T21:00:00+00:00,134402.373125
2024-01-18T21:00:00+00:00,135369.763125
2024-01-19T21:00:00+00:00,136688.333125
2024-01-22T21:00:00+00:00,137292.073125
2024-01-23T21:00:00+00:00,137417.53312500002
2024-01-24T21:00:00+00:00,136842.843125
2024-01-25T21:00:00+00:00,137346.433125
2024-01-26T21:00:00+00:00,137203.773125
2024-01-29T21:00:00+00:00,138745.423125
2024-01-30T21:00:00+00:00,138341.213125
2024-01-31T21:00:00+00:00,137476.093125
2024-02-01T21:00:00+00:00,139218.878425
2024-02-02T21:00:00+00:00,138628.698425
2024-02-05T21:00:00+00:00,137452.37842499997
2024-02-06T21:00:00+00:00,138074.518425
2024-02-07T21:00:00+00:00,138388.228425
2024-02-08T21:00:00+00:00,138783.598425
2024-02-09T21:00:00+00:00,139444.058425
2024-02-12T21:00:00+00:00,139674.228425
2024-02-13T21:00:00+00:00,137087.438425
2024-02-14T21:00:00+00:00,138440.078425
2024-02-15T21:00:00+00:00,139633.538425
2024-02-16T21:00:00+00:00,138717.368425
2024-02-20T21:00:00+00:00,138109.088425
2024-02-21T21:00:00+00:00,138284.438425
2024-02-22T21:00:00+00:00,139569.60842499998
2024-02-23T21:00:00+00:00,139903.998425
2024-02-26T21:00:00+00:00,139920.998425
2024-02-27T21:00:00+00:00,140216.998425
2024-02-28T21:00:00+00:00,139829.57842499999
2024-02-29T21:00:00+00:00,140721.148425
2024-03-01T21:00:00+00:00,142297.915325
2024-03-04T21:00:00+00:00,142528.585325
2024-03-05T21:00:00+00:00,141891.545325
2024-03-06T21:00:00+00:00,142496.56532499997
2024-03-07T21:00:00+00:00,143651.215325
2024-03-08T21:00:00+00:00,143350.315325
2024-03-11T20:00:00+00:00,143349.38532499998
2024-03-12T20:00:00+00:00,143434.235325
2024-03-13T20:00:00+00:00,143558.585325
2024-03-14T20:00:00+00:00,142509.935325
2024-03-15T20:00:00+00:00,142102.42532500002
2024-03-18T20:00:00+00:00,142226.175325
2024-03-19T20:00:00+00:00,142599.055325
2024-03-20T20:00:00+00:00,144693.81532499997
2024-03-21T20:00:00+00:00,144676.175325
2024-03-22T20:00:00+00:00,143863.43532499997
2024-03-25T20:00:00+00:00,144037.49532499997
2024-03-26T20:00:00+00:00,143918.375325
2024-03-27T20:00:00+00:00,144799.955325
2024-03-28T20:00:00+00:00,145421.55532500002
2024-04-01T20:00:00+00:00,145283.7763
2024-04-02T20:00:00+00:00,145361.56629999998
2024-04-03T20:00:00+00:00,146118.5563
2024-04-04T20:00:00+00:00,145262.5163
2024-04-05T20:00:00+00:00,146368.13629999998
2024-04-08T20:00:00+00:00,146621.1863
2024-04-09T20:00:00+00:00,146710.38629999998
2024-04-10T20:00:00+00:00,145233.0563
2024-04-11T20:00:00+00:00,146618.38629999998
2024-04-12T20:00:00+00:00,144671.10629999998
2024-04-15T20:00:00+00:00,144200.1463
2024-04-16T20:00:00+00:00,144188.63629999998
2024-04-17T20:00:00+00:00,142115.10629999998
2024-04-18T20:00:00+00:00,141676.8863
2024-04-19T20:00:00+00:00,141269.5663
2024-04-22T20:00:00+00:00,141297.6163
2024-04-23T20:00:00+00:00,143140.31629999998
2024-04-24T20:00:00+00:00,142038.5263
2024-04-25T20:00:00+00:00,143113.0863
2024-04-26T20:00:00+00:00,143800.0563
2024-04-29T20:00:00+00:00,143645.55629999997
2024-04-30T20:00:00+00:00,140971.62629999997
2024-05-01T20:00:00+00:00,140946.953525
2024-05-02T20:00:00+00:00,141734.423525
2024-05-03T20:00:00+00:00,142414.273525
2024-05-06T20:00:00+00:00,143787.46352499997
2024-05-07T20:00:00+00:00,143574.28352499998
2024-05-08T20:00:00+00:00,143558.773525
2024-05-09T20:00:00+00:00,144856.873525
2024-05-10T20:00:00+00:00,144222.053525
2024-05-13T20:00:00+00:00,144493.46352499997
2024-05-14T20:00:00+00:00,145232.593525
2024-05-15T20:00:00+00:00,146932.82352499999
2024-05-16T20:00:00+00:00,146627.99352499997
2024-05-17T20:00:00+00:00,147282.63352499998
2024-05-20T20:00:00+00:00,147667.46352499997
2024-05-21T20:00:00+00:00,147408.13352499998
2024-05-22T20:00:00+00:00,146335.483525
2024-05-23T20:00:00+00:00,144668.84352499997
2024-05-24T20:00:00+00:00,145807.32352499999
2024-05-28T20:00:00+00:00,146915.31352499998
2024-05-29T20:00:00+00:00,145285.83352499997
2024-05-30T20:00:00+00:00,144724.55352499997
2024-05-31T20:00:00+00:00,145123.613525
2024-06-03T20:00:00+00:00,143987.659025
2024-06-04T20:00:00+00:00,143682.209025
2024-06-05T20:00:00+00:00,145245.429025
2024-06-06T20:00:00+00:00,145307.51902500002
2024-06-07T20:00:00+00:00,143738.13902499998
2024-06-10T20:00:00+00:00,144269.679025
2024-06-11T20:00:00+00:00,144571.459025
2024-06-12T20:00:00+00:00,145879.339025
2024-06-13T20:00:00+00:00,145433.66902499998
2024-06-14T20:00:00+00:00,145461.659025
2024-06-17T20:00:00+00:00,146337.66902499998
2024-06-18T20:00:00+00:00,146551.09902499997
2024-06-20T20:00:00+00:00,146521.75902499998
2024-06-21T20:00:00+00:00,145754.209025
2024-06-24T20:00:00+00:00,145608.38902499998
2024-06-25T20:00:00+00:00,145724.719025
2024-06-26T20:00:00+00:00,145214.29902500001
2024-06-27T20:00:00+00:00,146476.639025
2024-06-28T20:00:00+00:00,146212.519025
2024-07-01T20:00:00+00:00,146100.58944999997
2024-07-02T20:00:00+00:00,146662.30945
2024-07-03T17:00:00+00:00,147444.58944999997
2024-07-05T20:00:00+00:00,148108.49945
2024-07-08T20:00:00+00:00,148322.81945
2024-07-09T20:00:00+00:00,148205.85945
2024-07-10T20:00:00+00:00,149059.19944999996
2024-07-11T20:00:00+00:00,149879.52944999997
2024-07-12T20:00:00+00:00,150526.67945
2024-07-15T20:00:00+00:00,151528.52944999997
2024-07-16T20:00:00+00:00,153053.71944999998
2024-07-17T20:00:00+00:00,151782.00944999998
2024-07-18T20:00:00+00:00,150499.91945
2024-07-19T20:00:00+00:00,149040.63945
2024-07-22T20:00:00+00:00,150222.70944999997
2024-07-23T20:00:00+00:00,150214.20945
2024-07-24T20:00:00+00:00,148403.71944999998
2024-07-25T20:00:00+00:00,147829.88945
2024-07-26T20:00:00+00:00,149040.97944999998
2024-07-29T20:00:00+00:00,148336.29945
2024-07-30T20:00:00+00:00,148809.85945
2024-07-31T20:00:00+00:00,151037.44945
2024-08-01T20:00:00+00:00,147900.91155
2024-08-02T20:00:00+00:00,145822.16155
2024-08-05T20:00:00+00:00,144343.07154999996
2024-08-06T20:00:00+00:00,142681.77155
2024-08-07T20:00:00+00:00,142634.66154999996
2024-08-08T20:00:00+00:00,145521.30155
2024-08-09T20:00:00+00:00,146226.79155
2024-08-12T20:00:00+00:00,147309.26155
2024-08-13T20:00:00+00:00,148437.53154999999
2024-08-14T20:00:00+00:00,148034.23155
2024-08-15T20:00:00+00:00,150019.15154999998
2024-08-16T20:00:00+00:00,150196.67154999997
2024-08-19T20:00:00+00:00,150521.68154999998
2024-08-20T20:00:00+00:00,150357.18154999998
2024-08-21T20:00:00+00:00,150459.41155
2024-08-22T20:00:00+00:00,149600.07155
2024-08-23T20:00:00+00:00,151949.23155
2024-08-26T20:00:00+00:00,152304.63155
2024-08-27T20:00:00+00:00,151667.72155
2024-08-28T20:00:00+00:00,149975.34154999998
2024-08-29T20:00:00+00:00,151236.03154999999
2024-08-30T20:00:00+00:00,150757.42155
2024-09-03T20:00:00+00:00,147500.02654999998
2024-09-04T20:00:00+00:00,147651.50655
2024-09-05T20:00:00+00:00,147887.46654999998
2024-09-06T20:00:00+00:00,145958.99654999998
2024-09-09T20:00:00+00:00,147187.65654999999
2024-09-10T20:00:00+00:00,147692.69655
2024-09-11T20:00:00+00:00,148475.68654999998
2024-09-12T20:00:00+00:00,149825.02654999998
2024-09-13T20:00:00+00:00,150857.60654999997
2024-09-16T20:00:00+00:00,151074.95654999997
2024-09-17T20:00:00+00:00,151179.30654999998
2024-09-18T20:00:00+00:00,151047.20654999997
2024-09-19T20:00:00+00:00,152188.32654999997
2024-09-20T20:00:00+00:00,152122.95654999997
2024-09-23T20:00:00+00:00,152032.67654999997
2024-09-24T20:00:00+00:00,152665.43654999998
2024-09-25T20:00:00+00:00,152171.62655
2024-09-26T20:00:00+00:00,152614.32654999997
2024-09-27T20:00:00+00:00,152495.50655
2024-09-30T20:00:00+00:00,152416.91654999997
2024-10-01T20:00:00+00:00,151707.4614
2024-10-02T20:00:00+00:00,151721.6714
2024-10-03T20:00:00+00:00,151089.22139999998
2024-10-04T20:00:00+00:00,151616.69139999998
2024-10-07T20:00:00+00:00,150444.25139999998
2024-10-08T20:00:00+00:00,150998.60139999999
2024-10-09T20:00:00+00:00,151157.2614
2024-10-10T20:00:00+00:00,151301.3114
2024-10-11T20:00:00+00:00,151958.81139999998
2024-10-14T20:00:00+00:00,152919.2114
2024-10-15T20:00:00+00:00,152700.47139999998
2024-10-16T20:00:00+00:00,153498.21139999997
2024-10-17T20:00:00+00:00,153369.83139999997
2024-10-18T20:00:00+00:00,153881.19139999998
2024-10-21T20:00:00+00:00,152825.3214
2024-10-22T20:00:00+00:00,153065.5114
2024-10-23T20:00:00+00:00,151754.7914
2024-10-24T20:00:00+00:00,152434.0214
2024-10-25T20:00:00+00:00,152511.59139999998
2024-10-28T20:00:00+00:00,152908.38139999995
2024-10-29T20:00:00+00:00,153816.0414
2024-10-30T20:00:00+00:00,153162.2914
2024-10-31T20:00:00+00:00,151199.10139999999
2024-11-01T20:00:00+00:00,151012.7966
2024-11-04T21:00:00+00:00,150914.4366
2024-11-05T21:00:00+00:00,152398.9366
2024-11-06T21:00:00+00:00,154817.6266
2024-11-07T21:00:00+00:00,156085.27659999998
2024-11-08T21:00:00+00:00,156138.1966
2024-11-11T21:00:00+00:00,155917.2066
2024-11-12T21:00:00+00:00,154883.61659999998
2024-11-13T21:00:00+00:00,154369.5466
2024-11-14T21:00:00+00:00,153164.24659999998
2024-11-15T21:00:00+00:00,151734.23659999997
2024-11-18T21:00:00+00:00,152643.08659999998
2024-11-19T21:00:00+00:00,153590.52659999998
2024-11-20T21:00:00+00:00,153715.4566
2024-11-21T21:00:00+00:00,154558.22659999997
2024-11-22T21:00:00+00:00,156063.85659999997
2024-11-25T21:00:00+00:00,154919.52659999998
2024-11-26T21:00:00+00:00,155853.9466
2024-11-27T21:00:00+00:00,155600.6966
2024-11-29T18:00:00+00:00,156341.3166
2024-12-02T21:00:00+00:00,156572.50874999998
2024-12-03T21:00:00+00:00,156507.91874999998
2024-12-04T21:00:00+00:00,157112.26875
2024-12-05T21:00:00+00:00,156392.69874999998
2024-12-06T21:00:00+00:00,156873.43874999997
2024-12-09T21:00:00+00:00,156658.29874999996
2024-12-10T21:00:00+00:00,156886.29875
2024-12-11T21:00:00+00:00,157936.41874999998
2024-12-12T21:00:00+00:00,156881.72874999998
2024-12-13T21:00:00+00:00,156328.80875
2024-12-16T21:00:00+00:00,157182.07875
2024-12-17T21:00:00+00:00,156367.15875
2024-12-18T21:00:00+00:00,152314.47874999998
2024-12-19T21:00:00+00:00,152147.34874999998
2024-12-20T21:00:00+00:00,153531.95875
2024-12-23T21:00:00+00:00,153543.26875
2024-12-24T18:00:00+00:00,154573.56874999998
2024-12-26T21:00:00+00:00,155064.31874999998
2024-12-27T21:00:00+00:00,153711.28874999998
2024-12-30T21:00:00+00:00,152518.09875
2024-12-31T21:00:00+00:00,152571.20875
2025-01-02T21:00:00+00:00,152635.17854999998
2025-01-03T21:00:00+00:00,154208.17854999998
2025-01-06T21:00:00+00:00,154520.43854999996
2025-01-07T21:00:00+00:00,153910.63855
2025-01-08T21:00:00+00:00,153338.30855
2025-01-10T21:00:00+00:00,153442.57855
2025-01-13T21:00:00+00:00,154321.39854999998
2025-01-14T21:00:00+00:00,154306.58855
2025-01-15T21:00:00+00:00,157359.78855
2025-01-16T21:00:00+00:00,156690.05855
2025-01-17T21:00:00+00:00,157310.14854999998
2025-01-21T21:00:00+00:00,158249.95855
2025-01-22T21:00:00+00:00,158454.15855
2025-01-23T21:00:00+00:00,158351.03855
2025-01-24T21:00:00+00:00,158409.61854999998
2025-01-27T21:00:00+00:00,155897.33855
2025-01-28T21:00:00+00:00,157083.77855
2025-01-29T21:00:00+00:00,156475.74855
2025-01-30T21:00:00+00:00,157633.82854999998
2025-01-31T21:00:00+00:00,157200.35855
2025-02-03T21:00:00+00:00,156809.628075
2025-02-04T21:00:00+00:00,157391.73807499997
2025-02-05T21:00:00+00:00,157938.51807499997
2025-02-06T21:00:00+00:00,157595.67807499997
2025-02-07T21:00:00+00:00,156797.488075
2025-02-10T21:00:00+00:00,158624.668075
2025-02-11T21:00:00+00:00,158750.33807499998
2025-02-12T21:00:00+00:00,157791.30807499998
2025-02-13T21:00:00+00:00,159097.838075
2025-02-14T21:00:00+00:00,158402.80807499998
2025-02-18T21:00:00+00:00,159826.558075
2025-02-19T21:00:00+00:00,159730.398075
2025-02-20T21:00:00+00:00,159652.31807499996
2025-02-21T21:00:00+00:00,156433.628075
2025-02-24T21:00:00+00:00,156070.198075
2025-02-25T21:00:00+00:00,154621.388075
2025-02-26T21:00:00+00:00,154472.018075
2025-02-27T21:00:00+00:00,152835.77807499998
2025-02-28T21:00:00+00:00,153594.80807499998
2025-03-03T21:00:00+00:00,151386.22324999998
2025-03-04T21:00:00+00:00,151582.31324999998
2025-03-05T21:00:00+00:00,151718.27324999997
2025-03-06T21:00:00+00:00,150603.16324999998
2025-03-07T21:00:00+00:00,150650.79325
2025-03-10T20:00:00+00:00,148209.98325
2025-03-11T20:00:00+00:00,148813.87324999998
2025-03-12T20:00:00+00:00,149448.89325
2025-03-13T20:00:00+00:00,149233.71324999997
2025-03-14T20:00:00+00:00,150073.33325
2025-03-17T20:00:00+00:00,150757.76325
2025-03-18T20:00:00+00:00,150348.74325
2025-03-19T20:00:00+00:00,151378.97324999998
2025-03-20T20:00:00+00:00,150963.77325
2025-03-21T20:00:00+00:00,150789.78324999998
2025-03-24T20:00:00+00:00,151640.76325
2025-03-25T20:00:00+00:00,152133.32325
2025-03-26T20:00:00+00:00,151023.37324999998
2025-03-27T20:00:00+00:00,151232.54325
2025-03-28T20:00:00+00:00,150059.58324999997
2025-03-31T20:00:00+00:00,150605.66324999998
2025-04-01T20:00:00+00:00,150960.98739999998
2025-04-02T20:00:00+00:00,152213.34739999997
2025-04-03T20:00:00+00:00,150929.54739999998
2025-04-04T20:00:00+00:00,148995.98739999998
2025-04-07T20:00:00+00:00,147712.18739999997
2025-04-08T20:00:00+00:00,147520.9274
2025-04-09T20:00:00+00:00,150174.98739999998
2025-04-10T20:00:00+00:00,152763.54739999998
2025-04-11T20:00:00+00:00,154021.1474
2025-04-14T20:00:00+00:00,153321.60739999998
2025-04-15T20:00:00+00:00,154191.44739999998
2025-04-16T20:00:00+00:00,156586.12739999997
2025-04-17T20:00:00+00:00,155891.82739999998
2025-04-21T20:00:00+00:00,158632.34739999997
2025-04-22T20:00:00+00:00,156258.62739999997
2025-04-23T20:00:00+00:00,155750.34739999997
2025-04-24T20:00:00+00:00,156620.18739999997
2025-04-25T20:00:00+00:00,155716.28739999997
2025-04-28T20:00:00+00:00,156345.0874
2025-04-29T20:00:00+00:00,155708.4274
2025-04-30T20:00:00+00:00,154702.34739999997
2025-05-01T20:00:00+00:00,153916.34739999997
2025-05-02T20:00:00+00:00,153848.22739999997
2025-05-05T20:00:00+00:00,156153.82739999998
2025-05-06T20:00:00+00:00,157843.72739999997
2025-05-07T20:00:00+00:00,157186.10739999998
2025-05-08T20:00:00+00:00,155750.34739999997
2025-05-09T20:00:00+00:00,156069.98739999998
2025-05-12T20:00:00+00:00,153829.88739999998
2025-05-13T20:00:00+00:00,154314.5874
2025-05-14T20:00:00+00:00,152635.16739999998
2025-05-15T20:00:00+00:00,153869.18739999997
2025-05-16T20:00:00+00:00,153465.70739999998
2025-05-19T20:00:00+00:00,153502.38739999998
2025-05-20T20:00:00+00:00,155249.9274
2025-05-21T20:00:00+00:00,155847.28739999997
2025-05-22T20:00:00+00:00,155323.28739999997
2025-05-23T20:00:00+00:00,156895.28739999997
2025-05-27T20:00:00+00:00,155598.38739999998
2025-05-28T20:00:00+00:00,154361.74739999996
2025-05-29T20:00:00+00:00,155729.38739999998
2025-05-30T20:00:00+00:00,155166.0874
2025-06-02T20:00:00+00:00,157096.20912499996
2025-06-03T20:00:00+00:00,157653.45912499996
2025-06-04T20:00:00+00:00,157936.20912499996
2025-06-05T20:00:00+00:00,156993.24912499994
2025-06-06T20:00:00+00:00,157458.36912499997
2025-06-09T20:00:00+00:00,157803.33912499997
2025-06-10T20:00:00+00:00,158307.00912499995
2025-06-11T20:00:00+00:00,158341.56912499995
2025-06-12T20:00:00+00:00,158636.859125
2025-06-13T20:00:00+00:00,158841.99912499997
2025-06-16T20:00:00+00:00,158804.97912499998
2025-06-17T20:00:00+00:00,158079.30912499994
2025-06-18T20:00:00+00:00,158086.56912499995
2025-06-20T20:00:00+00:00,157639.17912499994
2025-06-23T20:00:00+00:00,158814.00912499995
2025-06-24T20:00:00+00:00,159243.84912499995
2025-06-25T20:00:00+00:00,159568.83912499997
2025-06-26T20:00:00+00:00,160246.29912499996
2025-06-27T20:00:00+00:00,159814.44912499998
2025-06-30T20:00:00+00:00,161111.13912499996
2025-07-01T20:00:00+00:00,160962.22459999996
2025-07-02T20:00:00+00:00,161425.40459999995
2025-07-03T17:00:00+00:00,161723.52459999995
2025-07-07T20:00:00+00:00,161319.86459999997
2025-07-08T20:00:00+00:00,161020.42459999997
2025-07-09T20:00:00+00:00,161575.62459999998
2025-07-10T20:00:00+00:00,161760.28459999996
2025-07-11T20:00:00+00:00,161787.14459999997
2025-07-14T20:00:00+00:00,161792.70459999997
2025-07-15T20:00:00+00:00,161514.64459999997
2025-07-16T20:00:00+00:00,161883.96459999995
2025-07-17T20:00:00+00:00,162424.90459999995
2025-07-18T20:00:00+00:00,162418.56459999998
2025-07-21T20:00:00+00:00,163069.14459999994
2025-07-22T20:00:00+00:00,163341.0046
2025-07-23T20:00:00+00:00,163393.12459999998
2025-07-24T20:00:00+00:00,163261.60459999996
2025-07-25T20:00:00+00:00,163128.68459999998
2025-07-28T20:00:00+00:00,163004.90459999995
2025-07-29T20:00:00+00:00,162958.24459999998
2025-07-30T20:00:00+00:00,163084.0046
2025-07-31T20:00:00+00:00,162117.10459999996
2025-08-01T20:00:00+00:00,161537.88152499998
2025-08-04T20:00:00+00:00,162686.94152499997
2025-08-05T20:00:00+00:00,161394.72152499997
2025-08-06T20:00:00+00:00,161840.76152499998
2025-08-07T20:00:00+00:00,162127.471525
2025-08-08T20:00:00+00:00,162599.34152499997
2025-08-11T20:00:00+00:00,161865.52152499996
2025-08-12T20:00:00+00:00,162476.54152499998
2025-08-13T20:00:00+00:00,162472.29152499995
2025-08-14T20:00:00+00:00,162677.41152499997
2025-08-15T20:00:00+00:00,162038.20152499998
2025-08-18T20:00:00+00:00,162211.83152499996
2025-08-19T20:00:00+00:00,160718.371525
2025-08-20T20:00:00+00:00,161279.80152499996
2025-08-21T20:00:00+00:00,161369.13152499998
2025-08-22T20:00:00+00:00,163239.24152499996
2025-08-25T20:00:00+00:00,163254.75152499997
2025-08-26T20:00:00+00:00,163291.20152499998
2025-08-27T20:00:00+00:00,163326.611525
2025-08-28T20:00:00+00:00,164544.62152499997
2025-08-29T20:00:00+00:00,164072.51152499998
2025-09-02T20:00:00+00:00,165460.48892499998
2025-09-03T20:00:00+00:00,165070.25892499997
2025-09-04T20:00:00+00:00,165458.29892499995
2025-09-05T20:00:00+00:00,164915.29892499995
2025-09-08T20:00:00+00:00,165925.82892499998
2025-09-09T20:00:00+00:00,166537.26892499998
2025-09-10T20:00:00+00:00,167013.29892499995
2025-09-11T20:00:00+00:00,166631.228925
2025-09-12T20:00:00+00:00,167032.338925
2025-09-15T20:00:00+00:00,168145.148925
2025-09-16T20:00:00+00:00,168853.478925
2025-09-17T20:00:00+00:00,168556.68892499997
2025-09-18T20:00:00+00:00,168278.658925
2025-09-19T20:00:00+00:00,168522.81892499997
2025-09-22T20:00:00+00:00,169322.99892499996
2025-09-23T20:00:00+00:00,169864.55892499996
2025-09-24T20:00:00+00:00,170009.218925
2025-09-25T20:00:00+00:00,169842.20892499998
2025-09-26T20:00:00+00:00,170449.528925
2025-09-29T20:00:00+00:00,170185.05892499996
2025-09-30T20:00:00+00:00,170218.79892499995
2025-10-01T20:00:00+00:00,169970.59352499995
2025-10-02T20:00:00+00:00,170497.55352499997
2025-10-03T20:00:00+00:00,170756.61352499996
2025-10-06T20:00:00+00:00,171550.32352499999
2025-10-07T20:00:00+00:00,171333.93352499997
2025-10-08T20:00:00+00:00,172780.583525
2025-10-09T20:00:00+00:00,172116.10352499998
2025-10-10T20:00:00+00:00,169430.32352499999
2025-10-13T20:00:00+00:00,172600.98352499996
2025-10-14T20:00:00+00:00,173391.77352499997
2025-10-15T20:00:00+00:00,174440.77352499997
2025-10-16T20:00:00+00:00,174663.013525
2025-10-17T20:00:00+00:00,174194.60352499998
2025-10-20T20:00:00+00:00,176721.48352499996
2025-10-21T20:00:00+00:00,174103.713525
2025-10-22T20:00:00+00:00,173080.453525
2025-10-23T20:00:00+00:00,174276.78352499998
2025-10-24T20:00:00+00:00,175202.673525
2025-10-27T20:00:00+00:00,175512.10352499998
2025-10-28T20:00:00+00:00,175423.07352499999
2025-10-29T20:00:00+00:00,174664.043525
2025-10-30T20:00:00+00:00,174729.82352499999
2025-10-31T20:00:00+00:00,174113.32352499999
2025-11-03T21:00:00+00:00,173910.41845
2025-11-04T21:00:00+00:00,171726.71844999996
2025-11-05T21:00:00+00:00,172805.05844999998
2025-11-06T21:00:00+00:00,171697.85844999994
2025-11-07T21:00:00+00:00,171817.61844999995
2025-11-10T21:00:00+00:00,174318.81845
2025-11-11T21:00:00+00:00,174600.60844999997
2025-11-12T21:00:00+00:00,174637.18845
2025-11-13T21:00:00+00:00,172548.96844999996
2025-11-14T21:00:00+00:00,171752.11844999998
2025-11-17T21:00:00+00:00,169943.26844999997
2025-11-18T21:00:00+00:00,169709.22844999997
2025-11-19T21:00:00+00:00,171094.33844999998
2025-11-20T21:00:00+00:00,168209.53844999996
2025-11-21T21:00:00+00:00,169643.25845
2025-11-24T21:00:00+00:00,172513.00845
2025-11-25T21:00:00+00:00,173745.99844999998
2025-11-26T21:00:00+00:00,174996.03844999996
2025-11-28T18:00:00+00:00,176025.41844999997
2025-12-01T21:00:00+00:00,174814.60295
2025-12-02T21:00:00+00:00,174991.63295
2025-12-03T21:00:00+00:00,175685.20295
2025-12-04T21:00:00+00:00,175819.98295
2025-12-05T21:00:00+00:00,175794.88295
2025-12-08T21:00:00+00:00,175483.23295
2025-12-09T21:00:00+00:00,175589.50295
2025-12-10T21:00:00+00:00,176792.91295
2025-12-11T21:00:00+00:00,177482.08294999998
2025-12-12T21:00:00+00:00,175809.47295000002
2025-12-15T21:00:00+00:00,175271.89295000004
2025-12-16T21:00:00+00:00,175074.08294999998
2025-12-17T21:00:00+00:00,174245.13294999997
2025-12-18T21:00:00+00:00,175134.10295000003
2025-12-19T21:00:00+00:00,176081.82295
2025-12-22T21:00:00+00:00,177568.00294999997
2025-12-23T21:00:00+00:00,178115.92295
2025-12-24T18:00:00+00:00,178269.10294999997
2025-12-26T21:00:00+00:00,178514.23294999998
2025-12-29T21:00:00+00:00,176507.27294999998
2025-12-30T21:00:00+00:00,176007.29295
2025-12-31T21:00:00+00:00,174945.09295
2026-01-02T21:00:00+00:00,175208.51684999996
2026-01-05T21:00:00+00:00,177080.57684999995
2026-01-06T21:00:00+00:00,178631.99685
2026-01-07T21:00:00+00:00,178132.02684999997
2026-01-08T21:00:00+00:00,178510.11685
2026-01-09T21:00:00+00:00,179676.40684999997
2026-01-12T21:00:00+00:00,180358.06684999994
2026-01-13T21:00:00+00:00,180429.20684999996
2026-01-14T21:00:00+00:00,180169.24684999994
2026-01-15T21:00:00+00:00,180888.68685
2026-01-16T21:00:00+00:00,180734.92685
2026-01-20T21:00:00+00:00,180256.02684999997
2026-01-21T21:00:00+00:00,182099.25684999995
2026-01-22T21:00:00+00:00,183967.68685
2026-01-23T21:00:00+00:00,183497.29684999998
2026-01-26T21:00:00+00:00,184464.82684999995
2026-01-27T21:00:00+00:00,186176.59684999997
2026-01-28T21:00:00+00:00,188667.76684999996
2026-01-29T21:00:00+00:00,187756.04684999998
2026-01-30T21:00:00+00:00,181930.05685
2026-02-02T21:00:00+00:00,182276.27757499996
2026-02-03T21:00:00+00:00,182590.847575
2026-02-04T21:00:00+00:00,182232.00757499997
2026-02-05T21:00:00+00:00,177321.747575
2026-02-06T21:00:00+00:00,182669.597575
2026-02-09T21:00:00+00:00,183932.79757499998
2026-02-10T21:00:00+00:00,183862.68757499996
2026-02-11T21:00:00+00:00,183673.77757499996
2026-02-12T21:00:00+00:00,180825.13757499997
2026-02-13T21:00:00+00:00,181985.09757499996
2026-02-17T21:00:00+00:00,180505.97757499997
2026-02-18T21:00:00+00:00,182175.18757499996
2026-02-19T21:00:00+00:00,182200.88757499997
2026-02-20T21:00:00+00:00,183710.29757499998
2026-02-23T21:00:00+00:00,183373.67757499998
2026-02-24T21:00:00+00:00,183660.28757499997
2026-02-25T21:00:00+00:00,184457.28757499997
2026-02-26T21:00:00+00:00,183857.75757499997
2026-02-27T21:00:00+00:00,183907.19757499997
2026-03-02T21:00:00+00:00,184702.47547499998
2026-03-03T21:00:00+00:00,184171.49547499997
2026-03-04T21:00:00+00:00,185709.76547499993
2026-03-05T21:00:00+00:00,185688.78547499995
2026-03-06T21:00:00+00:00,189191.85547499996
2026-03-09T20:00:00+00:00,188660.19547499996
